Aaron, a teacher or lofty, bright, shining (etymology doubtful)
Abba, father
Abaddon, see Apollyon a destroyer,
Abagtha, God-given[8] "etymology doubtful"[9]
Abana, perennial, stony[10][11]
Abarim, regions beyond[12][13]
Abda, a servant[14]
Abdeel, servant of God[15]
Abdi, my servant[16][17]
Abdiel, servant of God[18]
Abdon, servile[19][20]
Abednego, servant of Nego, perhaps the same as Nebo[21][22]
Abel, breath, vapor, transitoriness;[23] breath, or vanity[24]
Abel-beth-maachah, meadow of the house of Maachah,[25] "also called ABEL-MAIM"[26]
Abel-cheramim
Abel-maim
Abel-meholah, meadow of dancing, or the dancing-meadow[27]
Abel-mizraim, the meadow of the Egyptians[28]
Abel-shittim, meadow of the acacias[29]
Abez, lofty[30]
Abi
Abiah
Abi-albon, father of strength, i.e. "valiant";[31] "also called ABIEL"[32]
Abiasaph, father of gathering, i.e. gathered[33] father of gathering; the gatherer[34]
Abiathar, father of abundance, i.e. liberal,[35] father of abundance, or my father excels[36]
Abib, an ear of corn,[37] green fruits[38]
Abida (or Abidah)
Abidan, father of the judge[39]
Abiel, father (i.e., "possessor") of God = "pious"[40]
Abiezer (or Abieezer), father of help, helpful[41]
Abigail, father, i.e. source, of joy[42]
Abihail, father of, i.e. possessing, strength[43]
Abihu, he (God) is my father,[44] father of Him; i.e., "worshipper of God"[45]
Abihud, father of renown, famous,[46] father (i.e., "possessor") of renown[47]
Abijah, father (i.e., "possessor or worshipper") of Jehovah[48]
Abijam, father of the sea; i.e., "seaman",[49] Abijah or Abijam: my father is Jehovah[50]
Abilene, land of meadows[51]
Abimael, father of Mael,[52][53] God is a father[54]
Abimelech, father of the king;[55] "my father a king, or, father of a king"[56]
Abinadab, father of nobleness; i.e., "noble"[57]
Abinoam
Abiram, father of height; i.e., "proud"[58]
Abishag
Abishai, father of (i.e., "desirous of") a gift[59]
Abishalom
Abishua, father of welfare; i.e., "fortunate"[60]
Abishur, father of the wall[61] father of the wall, i.e. "mason"[62]
Abital, father of the dew[63] father of the dew, i.e. "fresh"[64]
Abitub, father of goodness,[65][66]
Abiud, father of praise[67]
Abner, father of light[68]
Abram, a high father[69]
Abraham, father of a multitude[70]
Absalom, father of peace[71]
Abubus
Accad
Accho
Aceldama, field of blood[72]
Achab
Achaia, trouble[73]
Achaicus, belonging to Achaia[74]
Achan, or Achar, troubler[75]
Achaz
Achbor, mouse[76]
Achim
Achish
Achmetha
Achor
Achsah
Achshaph
Achzib, lying, false[77]
Adadah, festival or boundary,[78] possible miswritten form of Aroer[79]
Adah, ornament,[80] ornament, beauty[81]
Adaiah
Adalia
Adam, red earth[82]
Adamah, red earth[83]
Adami, my man; earth[84]
Adar, high[85]
Adbeel
Addi, ornament[86]
Addin
Addon, lord[87]
Adiel
Adin, Adina, dainty, delicate[88]
Adithaim, double ornament[89]
Adlai
Admah
Admatha
Admin
Adna
Adnah
Adoni-bezek (or Adonibezek)
Adonijah, my lord is Jehovah[90]
Adonikam
Adoniram
Adoni-zedek
Adoraim
Adoram
Adrammelech, splendor of the king[91]
Adramyttium
Adria
Adriel, God is helper[92]
Aduel
Adullam
Adummim
Aedias
Aeneas (or Æneas)
Aenon (or Ænon)
Aesora
Agabus
Agag
Agagite
Agar
Agee
Aggaba (variant of Hagabah)
Agia (Greek variant of Hebrew Hattil)
Agrippa
Agur
Ahab, uncle[93]
Aharah
Aharhel
Ahasbai
Ahasuerus
Ahava
Ahaz, one that takes or possesses[94]
Ahaziah
Ahi, my brother; my brethren[95]
Ahiah
Ahiam
Ahian
Ahiezer
Ahihud
Ahijah, brother of the Lord[96]
Ahikam, a brother who raises up[97]
Ahilud
Ahimaaz
Ahiman, brother of the right hand[98]
Ahimelech, brother of the king[99]
Ahimoth, brother of death[100]
Ahinadab
Ahinoam
Ahio
Ahira, brother of evil, i.e. unlucky[101]
Ahiram
Ahisamach
Ahishahar, "the [divine] brother is dawning light"[102]
Ahishar
Ahithophel, brother of foolishness[103]
Ahitub, brother of goodness[104]
Ahlab
Ahlai, beseeching; sorrowing; expecting[105]
Ahoah
Aholah
Aholiab
Aholibah
Aholibamah, my tabernacle is exalted[106]
Ahumai, brother of water, i.e. cowardly[107]
Ahuzam
Ahuzzath
Ai, or Hai, heap of ruins[108]
Aiah
Aiath
Aijeleth-Shahar
Ain, spring, well[109]
Ajalon
Akeldama
Akkad
Akkub
Akrabbim
Alammelech
Alemeth
Alian
Alleluia, praise ye Jehovah[110]
Allon, an oak[111]
Allon-bachuth
Almodad, measure[112]
Almon, concealed[113]
Almon-diblathaim
Alpheus
Alush
Alvah
Amad
Amal, labor[114]
Amalek
Aman
Amana
Amariah, the Lord says, i.e. promises[115]
Amasa
Amasai
Amashai
Ami
Amaziah, the strength of the Lord[116]
Aminadab
Amittai
Ammah
Ammi, my people[117]
Ammiel
Ammihud, people of praise[118]
Amminadab
Ammishaddai
Ammizabad
Ammon
Amnon, faithful[119]
Amok
Amon
Amorite
Amos, burden[120]
Amoz, strong; robust[121]
Amplias, large[122]
Amram, an exalted people[123]
Amraphel
Amzi, strong[124]
Anab, grape-town[125]
Anah, one who answers[126]
Anaharath
Anaiah, whom Jehovah answers[127]
Anak
Anamim
Anammelech
Anani
Ananias
Anathema
Anathoth
Andrew, manly[128]
Andronicus
Anem
Aner
Aniam
Anim
Anna, grace[129]
Annas, humble[130]
Antichrist
Antioch
Antipas
Antipatris, for his father[131]
Antothijah, answers of Jehovah[132]
Anub
Apelles
Apharsathchites, etymology uncertain[133]
Aphek, strength[134]
Aphekah
Aphik
Aphiah
Apocalypse, revelation[135]
Apocrypha, concealed, hidden[136]
Apollonia
Apollonius
Apollos
Apollyon, a destroyer,[137][138] angel of the bottomless pit[139]
Appaim, nostrils[140]
Apphia
Aquila, an eagle[141]
Ar
Ara
Arab
Arabia, barren, desert[142]
Arad, a wild ass[143]
Arah, wayfaring[144]
Aram, high[145]
Aran, wild goat[146][147]
Ararat
Araunah, ark[148]
Arba, city of the four[149]
Archelaus, the prince of the people[150]
Archippus, master of the horse[151]
Arcturus
Ard, one that descending,[152] descent[153]
Ardon
Areli
Areopagus
Aretas
Argob
Ariel, lion of God[154]
Arimathea
Arioch
Aristarchus, the best ruler[155]
Aristobulus, the best counsellor[156][157]
Armageddon, the hill or city of Megiddo[158]
Arnon
Aroer
Arpad
Arphaxad
Artaxerxes, the great warrior[159]
Artemas
Arumah, height[160]
Asa, physician; cure[161]
Asahel, made by God[162]
Asaiah, the Lord has made[163]
Asaph, collector of the people[164]
Asareel
Asenath, worshipper of Neith[165]
Ashan, smoke[166]
Ashbel
Ashdod
Asher
Asherah
Ashima
Ashkenaz, spreading fire[167]
Ashnah
Ashriel
Ashtaroth
Ashur, black[168]
Asia
Asiel, created by God[169]
Askelon
Asnapper
Asriel,
Assir, captive[170]
Asshurim, possibly peasants[171]
Assos, approaching[172]
Assur, same as Ashur[173]
Assyria
Asuppim, house of gatherings[174]
Asyncritus, incomparable[175]
Atad, a thorn[176]
Atarah, a crown[177]
Ataroth, crowns[178]
Ataroth-addar
Ater, shut up[179]
Athach
Athaiah, "meaning obscure"[180]
Athaliah
Athlai
Attai
Attalia, from Attalus[181]
Augustus, venerable[182]
Ava
Aven
Avim
Avith
Azaliah, "Yahweh has reserved"[183]
Azaniah, Yahweh listened[184]
Azariah
Azaz, strong[185]
Azazel
Azaziah
Azekah
Azgad, "Gad is strong"[186]
Azmaveth
Azmon
Aznoth-tabor, ears of Tabor[187]
Azor
Azotus
Azrael
Azriel, help of God[188]
Azrikam
Azubah, forsaken[189]
Azur
Azzan
Azzur, one who helps[190]
Baal, "owner" or "lord", also "husband" (as possessor of the wife);[1] possessor, controller [2]
Baalah
Baalath
Baalath-Beer
Baal-berith
Baale
Baal-gad
Baal-hamon
Baal-hermon
Ball-hanan, the Lord is gracious[2]
Baali
Baalim
Baalis, lord of joy, rules[2]
Baal-meon
Baal-peor
Baal-perazim
Baal-shalisha
Baal-tamar
Baal-zebub
Baal-zephon
Baana, affliction[2]
Baanah, son of grief[3]
Baara
Baaseiah, Jehovah is bold[3]
Baasha, boldness, offensive, he who lays waste[3]
Babel, confusion; mixture[4] gate of God[5]
Babylon, Gate Of The Deity, anointment or consecration or confusion or mixing[6]
Baca
Bahurim
Bajith
Bakbakkar, diligent searcher[3]
Bakbuk, a flagon, hollow[3]
Bakbukiah, wasted by Jehovah, effusion of Jehovah[3]
Balaam, a pilgrim, devouring, lord of the people[3]
Baladan
Balak
Bamah
Barabbas
Barachel, father of Elihu
Barachel of Ammon
Barachias
Barak
Barjesus, wise[7]
Barjona
Barnabas
Barsabas
Bartholomew
Bartimeus
Baruch
Barzillai
Bashan
Bashemath
Bathsheba
Bathsuha
Bealiah
Bealoth
Bebai
Becher
Bechorath
Bedad
Bedaiah
Bedan
Beeliada
Beelzebub
Beer
Beera
Beerelim
Beeri
Beer-lahai-roi
Beeroth
Beersheba
Behemoth
Bekah
Belah
Belial
Belshazzar
Belteshazzar
Ben
Benaiah
Ben-ammi
Beneberak
Bene-jaakan
Benhadad
Benhail
Benhanan
Benjamin
Benimi
Beno
Benoni
Benzoheth
Beon, meaning uncertain[8]
Beor
Bera
Berachah
Berachiah
Beraiah
Berea
Bered
Beri
Beriah
Berith
Bernice
Berodach-baladan
Berothai
Berothath
Besai
Besodeiah
Besor
Betah
Beten
Bethabara
Bethanath
Bethany, House of Misery[9]
Betharabah
Beth-aram
Betharbel (Hosea 10:14)
Beth-aven, in Hosea 4:15 It Is opposed to Beth-el[10][11]
Beth-azmaveth
Beth-baalmeon
Beth-barah
Beth-birei
Beth-car
Beth-dagon
Beth-diblathaim
Bethel
Bethemek
Bether
Bethesda
Beth-ezal
Beth-gader
Beth-gamul
Beth-haccerem
Beth-haran
Beth-horon
Beth-lebaoth
Beth-lehem
Beth-marcaboth
Beth-meon
Beth-millo, 2 Kings 12:21
Beth-nimrah
Beth-palet
Beth-pazzez
Beth-peor
Bethphage
Beth-phelet
Beth-rapha
Bethsaida
Bethshan
Beth-shemesh
Bethuel
Beth-zur
Betonim
Beulah
Bezai,
Bezaleel
Bezek
Bezer
Bichri
Bidkar
Bigthan
Bigvai
Bildad
Bileam
Bilgah
Bilhah
Bilshan
Binea
Binnui
Birsha,
Bishlam
Bithiah
Bithron
Bithynia
Bizjothjas
Blastus
Boanerges
Boaz
Bocheru
Bochim
Bohan, thumb or big toe[12]
Boskath
Boson
Bozrah
Bukki
Bukkiah
Bul
Bunah
Bunni
Buz
Buzi
Cabbon
Cabul
Caesar
Cainan, Kenan, acquisition[1]
Cain acquisition, fabrication[2]
Caiphas
Calah
Calcol
Caleb-Ephratah
Caleb, bold, impetuous[1]
Calneh
Calno
Calvary
Camon, "derivation uncertain"[3]
Canaan
Cana
Candace
Capernaum
Caphtor
Cappadocia
Carcas
Careah, bald[4]
Carmel
Carmi
Carpus
Charchemish
Carshena, meaning uncertain[5]
Casiphia, silversmith[6]
Casluhim
Ce
Cedron
Cenchrea
Cephas
Cesar
Ch
Chalcol, meaning uncertain[7]
Chaldea
Charran
Chebar
Chedorlaomer
Chelal
Chelluh
Chelubai
Chelub
Chemarims
Chemosh
Chenaanah
Chenaniah
Chenani
Chephirah
Cheran
Cherith
Chesed
Chesil
Chesulloth
Chidon
Chiliab
Chilion
Chilmad
Chimham
Chios
Chisleu, Cisleu, Casleu
Chislon
Chisloth-tabor
Chittem
Chloe
Chorath
Chorazin
Chozeba
Christ, anointed[8][9][10][11][12][13] The Anointed One;[14]
Christian
Chun
Chushan-rishathaim
Chuza
Ci
Cilicia
Cis
Cl
Clauda
Claudia, Claudius, lame[15]
Clement
Cleophas
Cn
Cnidus
Co
Colhozeh
Colosse
Coniah
Coos
Corinth
Cornelius
Cosam
Coz
Corbin[disambiguation needed][verification needed]
Cr
Crescens
Crete
Crispus
Cu
Cush, Cushan
Cuth
Cyprus
Cy
Cyrene
Cyrenius
Cyrus
Dabareh
Dabbasheth
Daberath
Dagon
Dalaiah, variant spelling of Delaiah[1]
Dalmanutha
Damien

Dalmatia
Dalphon
Damaris
Damascus
Dan
Daniel
Dannah
Dara, misspelling of Darda[2]
Darda, a pearl of wisdom[3]
Darius, he that informs himself of a king[3]
Darkon, bearer or scattering[3] possibly related to Aramaic terms for hasten or shield[4]
Dathan, belonging to law[3]
David, beloved[3]
Debir, speaker[5]
Deborah, bee
Decapolis
Dedan, low, their friendship[5]
Dedanim
Dekar, lance bearer, perforation[5]
Delaiah, Jehovah is deliverer[5]
Delilah, Samson's mistress[6] languishing[7]
Demas, ruler of people[5]
Demetrius
Derbe
Deuel
Deuteronomy
Diana
Diblaim
Diblah
Diblath
Dibon
Dibon-gad
Dibri
Didymus
Diklah
Dilean,
Dimon
Dimonah
Dinah
Dinhabah
Dionysius
Diotrephes
Dishan
Dishon
Dizahab
Dodai,
Dodavah
Dodo
Doeg
Dophkah
Dor
Dorcas
Dothan
Drusilla
Dumah
Dura
Ebal
Ebed
Ebed-melech
Eben-Ezer
Eber
Ebiasaph
Ebronah
Ecclesiastes
Ecclesiasticus, or the Wisdom of Sirach[1]
Ed
Eden
Eder
Edom
Edrei
Eglah
Eglaim
Eglon
Egypt
Ehi
Ehud
Eker
Ekron
Eladah
Elah
Elam
Elasah
Elath
El-beth-el
Eldaah
Eldad
Elead
Elealeh
Eleasah
Eleazar
El-elohe-Israel
Eleph
Elhanan son of Dodo
Elhanan son of Jair
Eli
Eli
Eliab
Eliada
Eliah
Eliahba
Eliakim
Eliam
Elias
Eliasaph
Eliashib
Eliathah
Elidad
Eliel
Elienai
Eliezer
Elihoreph
Elihu
Elijah
Elika
Elim
Elimelech
Elioenai
Eliphal
Eliphaz
Eliphelet
Elizabeth
Elisha
Elishah
Elishama
Elishaphat
Elisheba
Elishua
Eliud
Elizur
Elkanah
Ellasar
Elkoshite
Elm
Elmodam
Elnaam
Elnathan
Elon
Elon-beth-hanan
Elpaal
Elpalet
Eltekeh
Eltolad
Elul
Eluzai
Elymas
Elzabad
Elzaphan
Emims
Emmanuel
Emmaus
Emmor
Enan
En-dor
Eneas
En-eglaim
En-gannim
En-gedi
En-haddah
En-hakkore
En-hazor
En-mishpat
Enoch
Enon
Enos
En-rimmon
En-rogel
En-shemesh
En-tappuah
Epaphras
Epaphroditus
Epenetus
Ephah
Epher
Ephes-dammim
Ephesus
Ephlal
Ephphatha
Ephraim
Ephratah
Ephron
Epicurean
Er
Eran
Erastus
Eri
Esaias
Esar-haddon
Esau
Esek
Eshbaal
Eshban
Eshcol
Eshean
Eshek
Eshkalon
Eshtaol
Eshtemoa
Esli
Esrom
Esther
Etam
Etham
Ethan
Ethanim
Ethbaal
Ethiopia
Ethnan
Ethni
Eubulus
Eunice
Euodias
Euphrates
Eutychus
Eve
Evi
Evil-merodach
Exodus
Ezbon
Ezekiel
Ezel
Ezem
Ezer
Ezion-Geber
Ezra
Ezri
Felix, happy[1][2][3] happy, prosperous[4]
Festus, festive[5] joyful, festal, prosperous,[6]
Fortunatus, lucky[7] fortunate,[8][9] prosperous,[10]
Gaal
Gaash
Gabbai
Gabbatha
Gabriel
Gad
Gadarenes
Gaddi
Gaddiel
Gaius
Galal
Galatia
Galeed
Galilee
Gallim
Gallio
Gamaliel
Gammadims
Gamul
Gareb
Garmites
Gatam
Gath
Gath-rimmon
Gaza
Gazer
Gazez
Gazzam
Geba
Gebal
Geber
Gebim
Gedaliah
Geder
Gederothaim
Gehazi
Geliloth
Gemalli
Gemariah
Gennesaret
Genesis
Genubath
Gera
Gerar
Gergesenes
Gerizim
Gershom
Gershon
Geshur, Geshuri
Gether
Gethsemane
Geuel
Gezer
Giah
Gibbar
Gibbethon
Gibeah
Gibeon
Giddel
Gideon
Gideoni
Gihon
Gilalai
Gilboa
Gilead
Gilgal
Giloh
Gimzo, fertile in sycamores[1] a place fertile in sycamores[2]
Ginath, Ginnetho,[3] protection[4]
Girgashite
Gispa
Gittah-hepher
Gittaim
Gittites
Goath
Gob
Gog
Golan
Golgotha
Goliath
Gomer
Gomorrah
Goshen
Gozan
Gudgodah
Guni
Gur
Gur-baal
Haahashtari
Habaiah
Habakkuk
Habazziniah
Habor
Hachaliah
Hachilah
Hachmoni
Hadad
Hadadezer
Hadadrimmon
Hadar
Hadarezer
Hadashah
Hadassah
Hadattah, new,[1][2] NEW HAZOR[3]
Hades, see Hell (the grave or place of the dead),[4] “brought down to hell” (hades), i.e., simply to the lowest debasement,[5] descent of Christ into Hell, the death and burial of Jesus,[6] The abode of departed spirits[7]
Hadlai
Hadoram
Hadrach
Hagab
Hagabah, grasshopper[8]
Hagar
Haggai
Haggeri
Haggiah
Haggith
Hai, same as Ai = heap of ruins[9][10]
Hakkatan
Hakkoz
Hakupha
Halah
Halak[citation needed]
Halhul
Hali (biblical place)
Hallelujah
Hallohesh
Ham
Haman
Hamath
Hamath-zobah
Hammedatha
Hammelech
Hammoleketh, the queen[11][12]
Hammon (biblical place)
Hamonah
Hamon-gog
Hamor
Hamul
Hamutal
Hanameel
Hanan
Hananeel
Hanani
Hananiah
Hanes
Haniel
Hannah
Hannathon
Hanniel
Hanoch
Hanun
Hapharaim
Hara
Haradah
Haran
Harbonah
Hareph
Harhaiah
Harhur
Harhas
Harim
Harnepher
Harod
Harosheth
Harran
Harsha
Harum (biblical figure)
Harumaph
Haruphite
Haruz
Hasadiah
Hashabiah
Hashabnah
Hashem
Hashub
Hashubah
Hashum
Hashupha
Hasrah
Hatach
Hathath
Hatita
Hattill
Hattush
Hauran
Havilah
Havoth-Jair
Hazael
Hazaiah
Hazar-addar
Hazar-enan
Hazar-gaddah
Hazar-hatticon
Hazarmaveth
Hazar-shual
Hazar-susah, or -susim
Hazeroth
Hazzelelponi
Hazezon-tamar
Hazo
Hazor
Heber
Hebrews
Hebron
Hegai, or Hege
Helam
Helbah, Helbon
Heldai, Heleb, Heled
Helek
Helem
Heleph
Helez
Heli
Helkai
Helkath-hazzurim
Helon
Heman
Hen
Hena, "he has driven away"[13]
Henadad
Henoch
Hepher
Hephzibah
Heres
Heresh
Hermas
Hermogenes
Hermon
Herod
Herodion
Heshbon
Heshmon
Heth
Hethlon
Hezekiah
Hezir
Hezrai
Hezron
Hiddai
Hiel
Hierapolis
Hilen
Hilkiah
Hillel
Hinnom
Hirah
Hiram
Hittite
Hivites
Hizkijah
Hobab
Hobah
Hod (biblical figure)
Hodaiah
Hodaviah
Hodesh
Hoglah
Hoham
Holon
Homam
Hophni
Hophra
Hor
Horeb
Horem
Hor-hagidgad
Hori
Horims
Hormah
Horonaim
Horinites
Hosah
Hosanna
Hosea
Hoshaiah
Hoshama
Hotham
Hothir
Hukkok
Hul
Huldah
Hupham
Huppim
Hur
Huram
Huri
Hushah
Hushai
Hushathite
Huz
Huzoth
Huzzab
Hymeneus
Ibhar, he will choose;[1] chooser; God does choose[2]
Ibleam
Ibneiah God builds[1] Jehovah does build;[2]
Ibnijah, whom Jehovah will build up;[3] God builds;[1] Jehovah is builder[4]
Ibri Hebrew[1] passing over of a Hebrew;[4]
Ibsam, fragrant[4]
Ibzan, father of a target; father of coldness[1] splendid, active[4]
Ichabod, inglorious[1] the glory is not; where is the glory; inglorious[4]
Iconium
Idalah
Idbash, honey-sweet[1][4] corpulent;[4]
Iddo God's friend[1] affectionate; festal; his power;[4]
Idumea
Igal, may God redeem[5] deliverer; he will vindicate;[6]
Igeal
Igdaliah, may God be glorified[5] great is Jehovah[6]
Iim
Ije-abarim
Ijon, look
Ikkesh, stubborn[5] perverse; subtle[6]
Ilai, exalted[5]supreme[6]
Illyricum
Imlah, full[5] God does fill; fulfilling; plenitude[6]
Imla, whom God will fill up[7] replenisher[8]
Immanuel God is with is Hebrew c. 8th century[5]
Immer, saying; speaking; a lamb[5] talkative; prominent[6]
Imna, God does restrain; withdrawing[6]
Imnah, may God defend[5] prosperity; he allots[6]
Imrah, a rebel[5] stubborn; height of Jehovah[6]
Imri, speaking; exalting; bitter; a lamb[5] projecting; eloquent[9]
India
Iphdeiah, may God redeem[5] Jehovah does deliver; redemption[9]
Ir, watcher[9]
Ira, watcher; watchful; city watch[9]
Irad, wild ass; heap of empire; dragon[9] fleet[10]
Iram watchful[9]
Iri, Jehovah is watcher[9]
Irijah, may God see[10] God does see; provide; fear of the Lord[9]
Irpeel
Ir-shemesh
Iru, watch[9]
Isaac, he laughed[10] laughing one[9]
Isaiah, God's salvation[11] Jehovah is helper; salvation is of the Lord[12]
Iscah, who looks[13]
Iscariot, a man of murder; a hireling[14] man of kerioth[14]
Ishbah, praising[13] He praises, appeaser[14]
Ishbak, free, empty, exhausted[14]
Ishbi-benob, man sitting in Nob[13] dweller on the mount, he that predicts[14]
Ishbosheth, a man of shame[13][14]
Ishi, saving[15] my help, saving[14]
Ishiah, Jehovah exists, forgiveth[16]
Ishma, distinction, elevated[16]
Ishmael, God that hears[15] hears[16]
Ishmaiah, may God hear[17] Jehovah hears[18]
Ishmerai, God guards[17] God keeps[18]
Ishod, famed[15] man of honor, man of splendor[18]
Ishpan, firm, strong[18]
Ishtob
Ishuah, Isuah, equal, self-satisfied[19]
Ishui, Jesui, equality[19]
Ishvah, resembles[17]
Ishvi, quiet[17]
Ismaiah, Jehovah hears[19]
Ispah
Israel, he strives with God, ruling with God[19]
Issachar, rewarded[20]
Isshiah, there is God[20]
Isshijah, there is God[20]
Isui
Ithai, God is with me[20]
Italy
Ithamar, island of the palm-tree[20] palm-coast, palm tree[21]
Ithiel, God is with me[20] God is, God is with me[21]
Ithmah, purity, bereavement[21]
Ithra, excellent[21]
Ithran
Ithream, populous[22] remnant, abundance of the people[23]
Ittah-kazin
Ittai, with me[22] plowman, living[23]
Iturea
Ivah
Iye Abarim
Izehar
Izhar, Izehar, oil[22] bright one, olive oil[23]
Izrahiah, may God shine forth[22] Jehovah is appearing, does arise[23]
Izri, creative, former[23]
Izziah, Jeziah, Jehovah exalts[23]
Jaakan, intelligent, [1]
Jesus, God, Son of God, saviour;[2]
Jaala, ascending, a little doe or goat;[2] wild goat;' [3]
Jaalam, he will be hid,[2]
Jaanai, Jehovah answers,[2]
Jaasau, Jehovah makes,[2]
Jaasiel, God is maker,[2]
Jaasu, created;[3]
Jaazaniah, Jehovah does hear, [2] may God hear'[3]
Jaaziah, God consoles or determines, [2] may God strengthen,[3]
Jaaziel, God is determining or consoling,[2] may God strengthen,[3]
Jabal, a river, moving, or which glides away,[4] stream,[3]
Jabbok
Jabesh, a dry place;[4] dry,[3]
Jabez, he makes sorrow or height;[4] sorrow;[5]
Jabin, Jabneh, God discerns or intelligent;[4] he understands,[5]
Jabneel
Jachan, afflicting or troublous;[4] affliction,[5]
Jachin he does establish or founding;[4] established;[5]
Jacob, he that supplants or follows after;[6] supplanted;[5]
Jada, wise[7]
Jadau, favorite or friend[7]
Jadon, he that rules or abids,[7]
Jaddua, very knowing,[7]
Jael
Jagur
Jah
Jahath, revival or grasping;[7]
Jahaz
Jahaziah, Jehovah reveals;[7] Jehovah sees;[8]
Jahaziel, God sees or reveals,[7]
Jahdai, guide or he directs,[8]
Jahdiel, union of God or God makes glad;[8]
Jahdo, union; [8]
Jahleel, God waits or God does grievously afflict; [8]
Jahmai, Jehovah protects;[8]
Jahzeel, God apportions or distributes;[8]
Jahzerah
Jair, Jehovah enlightens, arouses or who diffuses light;[8]
Jairus, He will enlighten or diffuse light;[8]
Jakan
Jakeh, pious or hearkening;[8]
Jakim
Jalon
Jambres
James
Jamin
Jamlech
Janna
Janoah, rest
Janum
Japhet
Japheth
Japhia,
Japhlet
Japho
Jarah
Jareb
Jared
Jaresiah
Jarib
Jarmuth
Jasher
Jashobeam
Jashub
Jasiel
Jason
Jathniel
Jattir
Javan
Jazer
Jaziz
Jearim
Jeaterai
Jeberechiah
Jebus
Jebusi
Jecamiah
Jecoliah
Jeconiah,
Jed
Jedaiah
Jediael
Jedidah
Jedidiah
Jeduthun
Jeezer
Jegar-sahadutha
Jehaleleel
Jehdeiah
Jehezekel
Jehiah
Jehizkiah
Jehoadah
Jehoaddan
Jehoahaz
Jehoash
Jehohanan
Jehoiachin
Jehoiada
Jehoiakim
Jehoiarib
Jehonadab
Jehonathan
Jehoram
Jehoshaphat
Jehosheba
Jehoshua
Jehovah to be, exist,[9] I am who am, hath sent me; I am who am with you,[10]
Jehovah-jireh
Jehovah-nissi
Jehovah-shalom
Jehovah-shammah
Jehovah-tsidkenu
Jehozabad
Jehozadak
Jehu
Jehubbah
Jehucal
Jehud
Jehudijah
Jehush
Jekabzeel
Jekameam
Jekamiah
Jekuthiel
Jemima
Jemuel
Jephthah
Jephunneh
Jerah
Jerahmeel
Jered
Jeremai
Jeremiah
Jeremoth
Jeriah
Jericho
Jeriel
Jerijah
Jerimoth
Jerioth
Jeroboam
Jeroham
Jerubbaal
Jerubbesheth
Jeruel
Jerusalem
Jerusha
Jesaiah
Jeshebeab
Jesher
Jeshimon
Jeshishai
Jeshohaia
Jeshua
Jeshurun
Jesiah
Jesimiel
Jesse
Jesui
Jesus, Being interpreted the Christ, in Greek Iesous being pronounced Jesus saviour.
Jether
Jetheth
Jethlah
Jethro
Jetur
Jeuel
Jeush
Jew
Jezaniah
Jezebel
Jezer
Jeziah
Jezoar
Jezrahiah
Jezreel
Jibsam
Jidlaph
Jimnah
Jiphtah
Jiphtah-el
Joab
Joachim
Joah
Joahaz
Joanna
Joash
Joatham
Job
Jobab
Jochebed
Joed
Joel
Joelah
Joezer
Jogbehah
Jogli
Joha
JohananJehovah is or has been gracious.[11]
John
Joiarib
Jokdeam
Jokim
Jokmeam
Jokneam
Jokshan
Joktan
Jonadab
Jonah
Jonan
Jonathan
Joppa
Jorah
Joram
Jordan, Some translate it as "the descender," from the Semitic yrd, "to descend"[12]
Jorim
Josabad
Josaphat
Jose
Joseph, may God add[13]
Joses
Joshah
Joshaviah
Joshbekashah
Joshua
Josiah
Josibiah
Josiphiah
Jotham
Jozabad
Jozachar
Jubal
Jucal
Judah
Judas
Judaea
Judith
Julia
Julius
Junia
Jushab-hesed
Justus
Juttah
Kabzeel
Kadesh
Kadmiel
Kadmonites
Kallai
Kamon
Kanah
Kareah
Karkaa
Karkor
Kartah
Kedar
Kedemah
Kedemoth
Keilah
Kelaiah
Kelita
Kemuel
Kenah
Kenan
Kenaz
Kenites
Kenizzites
Keren-happuch
Kerioth
Keros
Keturah
Kezia
Keziz
Kibroth-hattaavah
Kibzaim
Kidron
Kinah
Kir
Kir-haraseth
Kiriath-baal
Kirioth
Kirjath
Kirjathaim
Kirjath-arba
Kirjath-arim
Kirjath-huzoth
Kirjath-jearim
Kirjath-sannah
Kirjath-sepher
Kish
Kishi
Kishion
Kishon
Kithlish
Kitron
Kittim
Koa
Kohath
Kolaiah
Korah
Kushaiah
Laadah
Laadan
Laban
Labana
Lachish
Lael
Lahad
Lahairoi
Lahmi
Laish
Lakum, fortification[1]
Lamech
Laodicea
Lapidoth
Lasea
Lasha, fissure[2][3]
Lazarus
Leah
Lebanon
Lebaoth
Lebbeus
Lebonah
Lecah, progress[4]
Lehabim
Lekah
Lemuel
Leor
Leshem
Letushim
Leummim
Levi, joined, to adhere,[5] adhesion[6]
Libnah
Libni
Likhi, learned[7]
Lilith
Libya
Linus,
Lior
Lo-ammi
Lod
Lois
Lo-ruhamah
Lot
Lubin
Lucas
Lucifer
Lud
Luhith
Luke, light-giving[8]
Luz
Lycaonia
Lydda
Lydia[9]
Lysanias
Lysias
Lysimachus
Lystra
Maachah
Maachathi
Maadai
Maadiah, a priest[1]
Maai
Maale-akrabbim
Maarath
Maaseiah
Maasiai
Maath
Maaz
Macedonia, extended land[2]
Machbenah
Machi, decrease[3]
Machir
Machnadebai
Machpelah
Madai
Madian
Madmannah
Madon
Magbish
Magdala
Magdalene
Magdiel
Magog, region of Gog[4]
Magpiash
Mahalah
Mahaleleel
Mahali
Mahanaim
Mahanehdan
Maharai
Mahath
Mahavites
Mahazioth
Maher-shalal-hash-baz
Mahlah
Makaz
Makheloth
Makkedah
Malachi
Malcham
Malchijah
Malchiel
Malchus
Maleleel
Mallothi
Malluch
Mammon
Mamre
Manaen
Manahethites
Manasseh
Manoah
Maon
Mara, Marah,
Maralah
Maranatha
Mareshah
Mark, the evangelist[5]
Maroth
Marsena
Martha
Mary
Mash
Mashal
Masrekah
Massa
Massah
Matred
Matri
Mattan, Mattana, Mattenai
Mattaniah,
Mattatha
Matthias
Mattathias
Matthan
Matthew
Mazzaroth
Meah
Mearah
Mebunnai
Medad
Medan
Medeba
Media
Megiddo
Megiddon
Mehetabel
Mehida
Mehir
Mehujael
Mehuman
Mejarkon
Mekonah
Melatiah
Melchi
Melchiah
Melchi-shua
Melchizedek
Melea
Melech
Melita
Melzar
Memphis
Memucan
Menahem
Menan
Mene
Meonenim
Mephaath
Mephibosheth
Merab
Meraioth
Merari
Mered
Meremoth
Meres
Meribah
Meribaal
Merodach
Merodach-baladan
Merom
Meronothite
Meroz
Mesha
Meshach
Meshech
Meshelemiah
Meshillemoth
Mesobaite
Mesopotamia
Messiah
Metheg-ammah
Methusael
Methuselah
Meunim
Mezahab
Miamin
Mibhar
Mibsam
Mibzar
Micah
Micaiah
Micha
Michael
Michaiah
Michal
Michmash
Michmethah
Michri
Michtam
Middin
Midian
Migdal-el
Migdal-gad
Migdol
Migron
Mijamin
Mikloth
Milalai
Milcah
Milcom
Miletus
Millo
Miniamin
Minni
Minnith
Miriam
Mishael
Mishal
Misham
Mishael
Mishma
Mishmannah
Mishraites
Mispar
Misrephoth-maim
Misti
Mithcah
Mithnite
Mithredath
Mitylene
Mizar
Mizpah
Mizraim
Mizzah
Mnason
Moab
Moladah
Molech
Molid, begetter;[6]
Mordecai, dedicated to Mars, a little man or bitter bruising; [6]
Moreh
Moriah
Moserah
Moses, to draw[7] drawn forth, taken out of water or a son;[6]
Mozah
Muppim
Mushi
Myra
Mysia
Meryl
Naam
Naaman, pleasantness[1]
Naamah
Naarah
Naaran, juvenile,[2] boyish, juvenile[3]
Naashon
Naasson, enchanter[4]
Nabal
Naboth
Nachon
Nachor
Nadab
Nagge
Nahaliel
Nahallal
Naham
Naharai
Nahash
Nahath
Nahbi
Nahor
Nahshon
Nahum
Nain
Naioth
Naomi
Naphish
Naphtali
Narcissus
Nathan
Nathanael
Nathan-melech
Naum
Nazareth
Nazarite
Neah
Neapolis
Neariah
Nebai
Nebaioth
Neballat
Nebat
Nebo
Nebuchadnezzar
Nebuzaradan
Necho
Nedabiah
Nehelamite
Nehemiah
Nehum
Nehushta
Nehushtan
Neiel
Nekoda
Nemuel
Nepheg
Nephilim
Nephish
Nephishesim
Nephthalim
Nephtoah
Nephusim
Ner
Nereus
Nergal
Nergal-sharezer
Neri
Neriah
Nethaneel
Nethaniah
Nethinim
Neziah
Nezib
Nibhaz, the barker[5][6]
Nibshan
Nicanor
Nicodemus
Nicolas
Nicolaitanes
Nicopolis
Niger
Nimrah
Nimrod
Nimshi
Nineveh
Nisan
Nisroch
No
Noadiah
Noah
Nob
Nobah
Nod
Nodab
Noe
Nogah
Noha
Non
Noph
Nophah
Norah
Nun
Nymphas
Obadiah
Obal
Obed
Obed-Edom
Obil
Oboth
Ocran
Oded
Og
Ohad
Ohel
Olympas
Omar
Omega
Omri
On
Onan
Onesimus
Onesiphorus
Ono
Ophel
Ophir
Ophni
Ophrah
Oreb
Oren
Ornan
Orpah
Oshea
Othni
Othniel
Ozem
Ozias
Ozni
Paarai
Padan-aram
Padon
Pagiel
Paganini
Pahath-Moab
Pai, Pau
Palestina
Pallu
Palti, son of Laish
Palti, son of Raphu
Pamphylia
Paphos
Parah
Paran
Parbar
Parmashta
Parmenas
Parnach
Parosh
Parshandatha
Paruah
Pasach
Pas-dammin
Paseah
Pashur
Patara
Pathros
Patmos
Patrobas
Pau
Paul, small
Paulus
Pedahzur
Pedaiah
Pekah
Pekahiah
Pekod
Pelaiah
Pelaliah
Pelatiah
Peleg
Pelethites
Pelonite
Peniel
Peninnah
Pentapolis
Pentateuch
Pentecost
Penuel
Peor
Perazim
Peresh
Perez
Perez-Uzza
Perga
Pergamos
Perida
Perizzites
Persia
Persis
Peruda
Peter
Pethahiah
Pethuel
Peulthai
Phalec
Phallu
Phalti
Phaltiel
Phanuel
Pharaoh
Pharez
Pharisees
Pharpar
Phebe
Phenice
Phichol
Philadelphia
Philemon
Philetus
Philip
Philippi
Philistines
Philologus
Phinehas
Phlegon
Phrygia
Phurah
Phygellus
Phylacteries
Pi-beseth
Pi-hahiroth
Pilate
Pinon
Piram
Pirathon
Pisgah
Pisidia
Pishon/Pison
Pithom
Pithon
Pochereth
Pontius
Pontus
Poratha
Potiphar
Potipherah
Prisca
Priscilla
Prochorus
Puah
Publius
Pudens
Pul
Punites
Punon
Putiel
Puteoli
Quartus
Quirinius
Raamah
Raamiah
Rabbah
Rabbi
Rabbith
Rabboni
Rabmag
Rab-saris
Rabshakeh
Raca
Racal
Rachab
Rachal
Rachel
Raddai
Ragau
Raguel
Rahab
Rahab
Rakal
Raham
Rakem
Rakkath
Rakkon
Ram
Ramah
Ramath
Ramathaim-Zophim
Ramath-lehi
Ramath-mizpeh
Ramiah
Ramoth
Raphah
Reaiah
Reba
Rebekah
Rechab
Reelaiah
Regem
Regemmelech
Rehabiah
Rehob
Rehoboam
Rehoboth
Rehum
Rei
Rekem
Remaliah
Remmon
Remphan
Rephael
Rephaiah
Rephaim
Rephidim
Resen
Reu
Reuben
Reuel
Reumah
Rezeph
Rezin
Rezon
Rhegium
Rhesa
Rhoda
Rhodes
Ribai
Riblah
Rimmon
Rinnah
Riphath
Rissah
Rithmah
Rizpah
Rogelim
Rohgah
Romamti-ezer
Roman
Rome
Rosh
Rufus
Ruhamah
Rumah
Ruth
Sabaoth
Sabeans
Sabtah
Sabtechah
Sacar
Sachia
Sadducees
Sadoc
Sakia
Salah
Salamis
Salathiel
Salcah
Salem
Salim
Sallai
Salma
Salmon
Salome
Samaria
Samlah
Samos
Samothracia
Samson
Samuel
Sanballat
Sanhedrin
Sansannah
Saph
Saphir
Sapphira
Sarah
Sarai
Sardis
Sardites
Sarepta
Sargon
Sarid
Saron
Sarsechim
Saruch
Satan
Saul
Sceva
Seba
Sebat
Sebia
Secacah
Sechu
Secundus
Segub
Seir
Sela
Sela-hammahlekoth
Selah
Seled
Seleucia
Sem
Semachiah
Semei
Senaah
Seneh
Senir
Sennacherib
Seorim
Sephar
Sepharad
Sepharvaim
Serah
Seraiah
Seraphim
Sered
Sergius
Serug
Seth
Sethur
Shaalabbin
Shaalbim
Shaalbonite
Shaaph
Shaaraim
Shaashgaz
Shabbethai
Shachia
Shadrach
Shage
Shalem
Shalim
Shalisha
Shallum
Shalmai
Shalman
Shalmaneser
Shamariah
Shamayim
Shamer
Shamgar
Shamhuth
Shamir
Shammah
Shammai
Shammoth
Shammua
Shamsherai
Shapham
Shaphat
Sharai
Sharar
Sharezer
Sharon
Shashai
Shashak
Shaul
Shaveh Kiriathaim
Shaveh, valley of
Shealtiel
Sheariah
Shear-jashub
Sheba
Shebam
Shebaniah
Shebarim
Sheber
Shebna
Shebuel
Shecaniah
Shechem
Shedeur
Shehariah
Shelah
Shelemiah
Sheleph
Shelesh
Shelomi
Shelumiel
Shem
Shema
Shemaiah
Shemariah
Shemeber
Shemed
Shemer
Shemida
Sheminith
Shemiramoth
Shemuel
Shen
Shenazar
Shenir
Shephatiah
Shephi
Shepho
Shephuphan
Sherah
Sherebiah
Sheshach
Sheshai
Sheshan
Sheshbazzar
Shethar
Shethar-boznai
Sheva
Shibboleth
Shibmah
Shicron
Shiggaion
Shihon, sound
Shihor-libnah
Shilhi
Shillem
Shiloah
Shiloh
Shiloh (name of a city)
Shilom
Shilshah
Shimeah
Shimei
Shimeon
Shimma
Shimon
Shimrath
Shimshai
Shimri
Shimrith
Shinab
Shinar
Shiphi
Shiphrah
Shisha
Shishak
Shitrai
Shittim
Shiza
Shoa
Shobab
Shobach
Shobai
Shobal
Shobek
Shochoh
Shoham
Shomer
Shophach
Shophan
Shoshannim
Shua
Shuah
Shual
Shubael
Shuham
Shulamite
Shunem
Shuni
Shuphim
Shur
Shushan
Shuthelah
Sia
Sibbechai
Sibmah
Sichem
Siddim
Sidon
Sigionoth
Sihon
Sihor
Silas
Silla
Siloa
Silvanus
Simeon
Simon
Sin
Sinai
Sinim
Sion
Sippai
Sinon
Sisamai
Sisera
Sitnah
Sivan
Smyrna
So
Socoh
Sodi
Sodom
Solomon
Sopater
Sophereth
Sorek
Sosthenes
Sotai
Spain
Stachys
Stephanas
Stephen
Suah
Succoth
Succoth-benoth
Sud
Sur
Susanna
Susi
Sychar
Syene
Syntyche
Syracuse
Taanach
Taanach-shilo
Tabbath
Tabbaoth
Tabeal
Tabelel
Taberah
Tabering
Tabitha
Tabor
Tabrimon
Tadmor
Tahan
Tahapenes
Tahath
Tahpenes
Tahrea
Talitha-cumi
Talmai
Tamah
Tamar
Tammuz
Tanhumeth
Taphath
Tappuah
Tarah
Taralah
Tarea[disambiguation needed]
Tarpelites
Tarshish
Tarsus
Tartak
Tartan
Tatnai
Tebah
Tebaliah
Tebeth
Tehinnah
Tekel
Tekoa
Telabib
Telah
Telassar
Telem
Telharsa
Tel-melah
Tema
Teman
Terah
Teraphim
Tertius
Tertullus
Tetrarch
Thaddeus
Thahash
Thamah
Thamar
Tharah
Thebez
Thelasar
Theophilus
Thessalonica
Theudas
Thomas
Thuhash
Thummim
Thyatira
Tibbath
Tiberias
Tiberius
Tibni
Tidal
Tiglath-Pileser
Tikvah
Tilon
Timeus
Timnah
Timnath
Timnath-heres
Timon
Timothy
Timotheus
Tiphsah
Tire
Tirhakah
Tiria
Tirras
Tirshatha
Tirza
Tirzah
Tishbite
Titus
Toah
Tob
Tob-adonijah
Tobiah
Toby
Tochen
Togarmah
Tohu
Toi
Tola
Tophet
Topheth
Trachonitis
Troas
Trophimus
Tryphena
Tryphon
Tryphosa
Tubal
Tubal-Cain
Tychicus
Tyrannus
Tyrus
Ucal
Uel
Ulai
Ulam
Ulla
Ummah
Unni
Uphaz
Upharsin
Ur
Urbane
Uri
Uriah
Uriel
Urim
Uthai
Uz
Uzai
Uzal
Uzzah
Uzzen-sherah
Uzzi
Uzziah
Vajezatha
Vaniah
Vashni
Vashti
Vophsi
Yakob, Yacob - Jacob
Yehoyada - Jehoida
Yahweh
Yehezkel - Ezekiel
Yoav - Joab
Yoel - Joel
Yosef - Joseph
Yuval - Jubal
Zaanaim a., removings[1]
Zaanannim
Zaavan, terror,[2]
Zabad, gift[3][4]
Zabbai, wanderer, pure[5] pure[6]
Zabbud, given,[7] gift[8]
Zabdi, Gift of Jehovah,[9] my gift[10]
Zabdiel, gift of God[11][12]
Zaccai, pure[13][14]
Zacchaeus, pure; clean; just[15][16]
Zaccur, mindful[17][18]
Zachariah, remembered by Jehovah,[19] remembered by the Lord[20]
Zacharias, the Lord has remembered,[21] Greek form of Zechariah,[22]
Zacher, memento; recollection; commemoration[23][24]
Zadok, just[25] righteous[26]
Zaham, fatness[27]
Zair, little,[28] small[29]
Zalaph, wound[30]
Zalmon, shady,[31][32]
Zalmonah, shady,[33][34]
Zalmunna
Zamzummims
Zanoah, marsh[35][36]
Zaphnath-paaneah, revealer of a secret[37] the man to whom secrets are revealed[38]
Zarah
Zareathites
Zared
Zarephath
Zaretan
Zareth-shahar
Zarhites
Zartanah
Zarthan
Zatthu
Zattu
Zavan
Zaza
Zebadiah
Zebah
Zebaim
Zebedee, my gift[39]
Zebina
Zeboiim
Zeboim
Zebudah
Zebul
Zebulonite
Zebulun, dwelling; habitation[40]
Zebulunites
Zechariah
Zedad
Zedekiah
Zeeb
Zelah
Zelek
Zelophehad
Zelotes
Zelzah
Zemaraim
Zemarite
Zemira
Zenan
Zenas
Zephaniah
Zephath
Zephathah
Zephi, variant spelling of Zepho. A son of Eliphaz, grandson of Esau and one of the “dukes” of Edom.[41]
Zepho, variant spelling of Zephi. A son of Eliphaz, grandson of Esau and one of the “dukes” of Edom.
Zephon
Zephonites
Zer
Zerah
Zerahiah
Zered
Zereda
Zeredathah
Zererath
Zeresh
Zereth
Zeri
Zeror
Zeruah
Zerubbabel
Zeruiah
Zetham
Zethan
Zethar
Zia
Ziba
Zibeon
Zibia
Zibiah
Zichri
Ziddim
Zidkijah
Zidon
Zidonians
Zif
Ziha
Ziklag
Zillah
Zilpah
Zilthai
Zimmah
Zimran
Zimri
Zin
Zina
Zion
Zior
Ziph
Ziphah
Ziphims
Ziphion
Ziphites
Ziphron
Zippor
Zipporah
Zithri
Ziz
Ziza
Zizah
Zoan
Zoar
Zoba
Zobah
Zobebah
Zohar
Zoheleth
Zoheth
Zophah
Zophai
Zophar
Zophim
Zorah
Zorathites
Zoreah
Zorites
Zorobabel
Zuar
Zuph
Zur
Zuriel
Zurishaddai
Zuzim
